id,power,accuracy,priority,damage_class
1,40,100,0,2
2,50,100,0,2
3,15,85,0,2
4,18,85,0,2
5,80,85,0,2
6,40,100,0,2
7,75,100,0,2
8,75,100,0,2
9,75,100,0,2
10,40,100,0,2
11,55,100,0,2
12,,30,0,2
13,80,100,0,3
14,,,0,1
15,50,95,0,2
16,40,100,0,3
17,60,100,0,2
18,,,-6,1
19,90,95,0,2
20,15,85,0,2
21,80,75,0,2
22,45,100,0,2
23,65,100,0,2
24,30,100,0,2
25,120,75,0,2
26,100,95,0,2
27,60,85,0,2
28,,100,0,1
29,70,100,0,2
30,65,100,0,2
31,15,85,0,2
32,,30,0,2
33,40,100,0,2
34,85,100,0,2
35,15,90,0,2
36,90,85,0,2
37,120,100,0,2
38,120,100,0,2
39,,100,0,1
40,15,100,0,2
41,25,100,0,2
42,25,95,0,2
43,,100,0,1
44,60,100,0,2
45,,100,0,1
46,,,-6,1
47,,55,0,1
48,,55,0,1
49,,90,0,3
50,,100,0,1
51,40,100,0,3
52,40,100,0,3
53,90,100,0,3
54,,,0,1
55,40,100,0,3
56,110,80,0,3
57,90,100,0,3
58,90,100,0,3
59,110,70,0,3
60,65,100,0,3
61,65,100,0,3
62,65,100,0,3
63,150,90,0,3
64,35,100,0,2
65,80,100,0,2
66,80,80,0,2
67,,100,0,2
68,,100,-5,2
69,,100,0,2
70,80,100,0,2
71,20,100,0,3
72,40,100,0,3
73,,90,0,1
74,,,0,1
75,55,95,0,2
76,120,100,0,3
77,,75,0,1
78,,75,0,1
79,,75,0,1
80,120,100,0,3
81,,95,0,1
82,,100,0,3
83,35,85,0,3
84,40,100,0,3
85,90,100,0,3
86,,90,0,1
87,110,70,0,3
88,50,90,0,2
89,100,100,0,2
90,,30,0,2
91,80,100,0,2
92,,90,0,1
93,50,100,0,3
94,90,100,0,3
95,,60,0,1
96,,,0,1
97,,,0,1
98,40,100,1,2
99,20,100,0,2
100,,,-6,1
101,,100,0,3
102,,,0,1
103,,85,0,1
104,,,0,1
105,,,0,1
106,,,0,1
107,,,0,1
108,,100,0,1
109,,100,0,1
110,,,0,1
111,,,0,1
112,,,0,1
113,,,0,1
114,,,0,1
115,,,0,1
116,,,0,1
117,,,1,2
118,,,0,1
119,,,0,1
120,200,100,0,2
121,100,75,0,2
122,30,100,0,2
123,30,70,0,3
124,65,100,0,3
125,65,85,0,2
126,110,85,0,3
127,80,100,0,2
128,35,85,0,2
129,60,,0,3
130,130,100,0,2
131,20,100,0,2
132,10,100,0,2
133,,,0,1
134,,80,0,1
135,,,0,1
136,130,90,0,2
137,,100,0,1
138,100,100,0,3
139,,90,0,1
140,15,85,0,2
141,80,100,0,2
142,,75,0,1
143,140,90,0,2
144,,,0,1
145,40,100,0,3
146,70,100,0,2
147,,100,0,1
148,,100,0,1
149,,100,0,3
150,,,0,1
151,,,0,1
152,100,90,0,2
153,250,100,0,2
154,18,80,0,2
155,50,90,0,2
156,,,0,1
157,75,90,0,2
158,80,90,0,2
159,,,0,1
160,,,0,1
161,80,100,0,3
162,,90,0,2
163,70,100,0,2
164,,,0,1
165,50,,0,2
166,,,0,1
167,10,90,0,2
168,60,100,0,2
169,,,0,1
170,,,0,1
171,,100,0,1
172,60,100,0,2
173,50,100,0,3
174,,,0,1
175,,100,0,2
176,,,0,1
177,100,95,0,3
178,,100,0,1
179,,100,0,2
180,,100,0,1
181,40,100,0,3
182,,,4,1
183,40,100,1,2
184,,100,0,1
185,60,,0,2
186,,75,0,1
187,,,0,1
188,90,100,0,3
189,20,100,0,3
190,65,85,0,3
191,,,0,1
192,120,50,0,3
193,,,0,1
194,,,0,1
195,,,0,1
196,55,95,0,3
197,,,4,1
198,25,90,0,2
199,,,0,1
200,120,100,0,2
201,,,0,1
202,75,100,0,3
203,,,4,1
204,,100,0,1
205,30,90,0,2
206,40,100,0,2
207,,85,0,1
208,,,0,1
209,65,100,0,2
210,40,95,0,2
211,70,90,0,2
212,,,0,1
213,,100,0,1
214,,,0,1
215,,,0,1
216,,100,0,2
217,,90,0,2
218,,100,0,2
219,,,0,1
220,,,0,1
221,100,95,0,2
222,,100,0,2
223,100,50,0,2
224,120,85,0,2
225,60,100,0,3
226,,,0,1
227,,100,0,1
228,40,100,0,2
229,50,100,0,2
230,,100,0,1
231,100,75,0,2
232,50,95,0,2
233,70,,-1,2
234,,,0,1
235,,,0,1
236,,,0,1
237,60,100,0,3
238,100,80,0,2
239,40,100,0,3
240,,,0,1
241,,,0,1
242,80,100,0,2
243,,100,-5,3
244,,,0,1
245,80,100,2,2
246,60,100,0,3
247,80,100,0,3
248,120,100,0,3
249,40,100,0,2
250,35,85,0,3
251,,100,0,2
252,40,100,3,2
253,90,100,0,3
254,,,0,1
255,,100,0,3
256,,,0,1
257,95,90,0,3
258,,,0,1
259,,100,0,1
260,,100,0,1
261,,85,0,1
262,,100,0,1
263,70,100,0,2
264,150,100,-3,2
265,70,100,0,2
266,,,2,1
267,,,0,1
268,,,0,1
269,,100,0,1
270,,,5,1
271,,100,0,1
272,,,0,1
273,,,0,1
274,,,0,1
275,,,0,1
276,120,100,0,2
277,,,4,1
278,,,0,1
279,60,100,-4,2
280,75,100,0,2
281,,,0,1
282,65,100,0,2
283,,100,0,2
284,150,100,0,3
285,,,0,1
286,,,0,1
287,,,0,1
288,,,0,1
289,,,4,1
290,70,100,0,2
291,80,100,0,2
292,15,100,0,2
293,,,0,1
294,,,0,1
295,95,100,0,3
296,95,100,0,3
297,,100,0,1
298,,100,0,1
299,85,90,0,2
300,,,0,1
301,30,90,0,2
302,60,100,0,2
303,,,0,1
304,90,100,0,3
305,50,100,0,2
306,75,95,0,2
307,150,90,0,3
308,150,90,0,3
309,90,90,0,2
310,30,100,0,2
311,50,100,0,3
312,,,0,1
313,,100,0,1
314,60,95,0,3
315,130,90,0,3
316,,,0,1
317,60,95,0,2
318,60,100,0,3
319,,85,0,1
320,,55,0,1
321,,100,0,1
322,,,0,1
323,150,100,0,3
324,75,100,0,3
325,60,,0,2
326,80,100,0,3
327,85,90,0,2
328,35,85,0,2
329,,30,0,3
330,90,85,0,3
331,25,100,0,2
332,60,,0,2
333,25,100,0,2
334,,,0,1
335,,,0,1
336,,,0,1
337,80,100,0,2
338,150,90,0,3
339,,,0,1
340,85,85,0,2
341,55,95,0,3
342,50,100,0,2
343,60,100,0,2
344,120,100,0,2
345,60,,0,3
346,,,0,1
347,,,0,1
348,90,100,0,2
349,,,0,1
350,25,90,0,2
351,60,,0,3
352,60,100,0,3
353,140,100,0,3
354,140,90,0,3
355,,,0,1
356,,,0,1
357,,,0,1
358,70,100,0,2
359,100,90,0,2
360,,100,0,2
361,,,0,1
362,65,100,0,3
363,,100,0,2
364,30,100,2,2
365,60,100,0,2
366,,,0,1
367,,,0,1
368,,100,0,2
369,70,100,0,2
370,120,100,0,2
371,50,100,0,2
372,60,100,0,2
373,,100,0,1
374,,100,0,2
375,,100,0,1
376,,,0,3
377,,100,0,1
378,,100,0,3
379,,,0,1
380,,100,0,1
381,,,0,1
382,,,0,1
383,,,0,1
384,,,0,1
385,,,0,1
386,,100,0,2
387,140,100,0,2
388,,100,0,1
389,70,100,1,2
390,,,0,1
391,,,0,1
392,,,0,1
393,,,0,1
394,120,100,0,2
395,60,100,0,2
396,80,,0,3
397,,,0,1
398,80,100,0,2
399,80,100,0,3
400,70,100,0,2
401,90,90,0,2
402,80,100,0,2
403,75,95,0,3
404,80,100,0,2
405,90,100,0,3
406,85,100,0,3
407,100,75,0,2
408,80,100,0,3
409,75,100,0,2
410,40,100,1,3
411,120,70,0,3
412,90,100,0,3
413,120,100,0,2
414,90,100,0,3
415,,100,0,1
416,150,90,0,2
417,,,0,1
418,40,100,1,2
419,60,100,-4,2
420,40,100,1,2
421,70,100,0,2
422,65,95,0,2
423,65,95,0,2
424,65,95,0,2
425,40,100,1,2
426,65,85,0,3
427,70,100,0,2
428,80,90,0,2
429,65,85,0,3
430,80,100,0,3
431,90,85,0,2
432,,,0,1
433,,,-7,1
434,130,90,0,3
435,80,100,0,3
436,80,100,0,3
437,130,90,0,3
438,120,85,0,2
439,150,90,0,2
440,70,100,0,2
441,120,80,0,2
442,80,100,0,2
443,60,,0,2
444,100,80,0,2
445,,100,0,1
446,,,0,1
447,,100,0,3
448,65,100,0,3
449,100,100,0,3
450,60,100,0,2
451,50,90,0,3
452,120,100,0,2
453,40,100,1,2
454,90,100,0,2
455,,,0,1
456,,,0,1
457,150,80,0,2
458,35,90,0,2
459,150,90,0,3
460,100,95,0,3
461,,,0,1
462,,100,0,2
463,100,75,0,3
464,,50,0,1
465,120,85,0,3
466,60,100,0,3
467,120,100,0,2
468,,,0,1
469,,,3,1
470,,,0,1
471,,,0,1
472,,,0,1
473,80,100,0,3
474,65,100,0,3
475,,,0,1
476,,,2,1
477,,,0,1
478,,,0,1
479,50,100,0,2
480,60,100,0,2
481,70,100,0,3
482,95,100,0,3
483,,,0,1
484,,100,0,2
485,120,100,0,3
486,,100,0,3
487,,100,0,1
488,50,100,0,2
489,,,0,1
490,65,100,0,2
491,40,100,0,3
492,95,100,0,2
493,,100,0,1
494,,100,0,1
495,,,0,1
496,60,100,0,3
497,40,100,0,3
498,70,100,0,2
499,50,,0,3
500,20,100,0,3
501,,,3,1
502,,,2,1
503,80,100,0,3
504,,,0,1
505,,,0,1
506,65,100,0,3
507,60,100,0,2
508,,,0,1
509,60,90,-6,2
510,60,100,0,3
511,,100,0,1
512,55,100,0,2
513,,,0,1
514,70,100,0,2
515,,100,0,3
516,,,0,1
517,100,50,0,3
518,80,100,0,3
519,80,100,0,3
520,80,100,0,3
521,70,100,0,3
522,50,100,0,3
523,60,100,0,2
524,60,90,0,3
525,60,90,-6,2
526,,,0,1
527,55,95,0,3
528,90,100,0,2
529,80,95,0,2
530,40,90,0,2
531,60,100,0,2
532,75,100,0,2
533,90,100,0,2
534,75,95,0,2
535,,100,0,2
536,65,90,0,3
537,65,100,0,2
538,,,0,1
539,85,95,0,3
540,100,100,0,3
541,25,85,0,2
542,110,70,0,3
543,120,100,0,2
544,50,85,0,2
545,100,100,0,3
546,120,100,0,3
547,75,100,0,3
548,85,100,0,3
549,65,95,0,3
550,130,85,0,2
551,130,85,0,3
552,80,100,0,3
553,140,90,0,2
554,140,90,0,3
555,55,95,0,3
556,85,90,0,2
557,180,95,0,2
558,100,100,0,3
559,100,100,0,2
560,100,95,0,2
561,,,0,1
562,120,90,0,3
563,,,0,1
564,,,0,1
565,50,100,0,2
566,90,100,0,2
567,,100,0,1
568,,100,0,1
569,,,1,1
570,65,100,0,3
571,,100,0,1
572,90,100,0,2
573,70,100,0,3
574,40,,0,3
575,,100,0,1
576,,,0,1
577,50,100,0,3
578,,,3,1
579,,,0,1
580,,,0,1
581,,,0,1
582,,,0,1
583,90,90,0,2
584,40,100,0,3
585,95,100,0,3
586,140,100,0,3
587,,,0,1
588,,,4,1
589,,,0,1
590,,,0,1
591,100,95,0,2
592,110,95,0,3
593,80,,0,3
594,15,100,1,3
595,75,100,0,3
596,,,4,1
597,,,0,1
598,,100,0,1
599,,100,0,1
600,,100,1,1
601,,,0,1
602,,,0,1
603,,,0,1
604,,,0,1
605,80,100,0,3
606,,,0,1
607,,,0,1
608,,100,1,1
609,20,100,0,2
610,40,100,0,2
611,20,100,0,3
612,40,100,0,2
613,80,100,0,3
614,90,100,0,2
615,90,100,0,2
616,90,100,0,2
617,140,90,0,3
618,110,85,0,3
619,120,85,0,2
620,120,100,0,2
621,100,,0,2
622,,,0,2
623,,,0,3
624,,,0,2
625,,,0,3
626,,,0,2
627,,,0,3
628,,,0,2
629,,,0,3
630,,,0,2
631,,,0,3
632,,,0,2
633,,,0,3
634,,,0,2
635,,,0,3
636,,,0,2
637,,,0,3
638,,,0,2
639,,,0,3
640,,,0,2
641,,,0,3
642,,,0,2
643,,,0,3
644,,,0,2
645,,,0,3
646,,,0,2
647,,,0,3
648,,,0,2
649,,,0,3
650,,,0,2
651,,,0,3
652,,,0,2
653,,,0,3
654,,,0,2
655,,,0,3
656,,,0,2
657,,,0,3
658,210,,0,2
659,,,0,1
660,90,100,2,2
661,,,4,1
662,80,100,0,2
663,85,100,0,2
664,90,100,0,3
665,100,90,0,2
666,,,0,1
667,95,95,0,2
668,,100,0,1
669,125,100,0,2
670,40,100,0,2
671,,,3,1
672,,100,0,1
673,,,0,1
674,,,0,1
675,80,100,0,2
676,90,100,0,3
677,80,100,0,2
678,,,0,1
679,80,100,0,2
680,80,100,0,2
681,20,100,0,2
682,130,100,0,3
683,,,0,1
684,70,,0,2
685,,,0,1
686,90,100,0,3
687,100,100,0,3
688,70,100,0,2
689,,,0,1
690,100,100,-3,2
691,110,100,0,3
692,90,100,0,2
693,60,100,0,2
694,,,0,1
695,180,,0,2
696,180,,0,2
697,195,,0,3
698,,,0,3
699,195,,0,2
700,175,,0,3
701,210,,0,2
702,,,0,1
703,185,,0,3
704,150,100,-3,3
705,130,90,0,3
706,85,100,0,2
707,75,100,0,2
708,85,100,0,2
709,40,100,1,2
710,85,100,0,2
711,160,100,0,3
712,90,100,0,2
713,100,100,0,2
714,100,100,0,3
715,,,0,1
716,80,100,0,2
717,,90,0,3
718,120,100,0,2
719,195,,0,3
720,150,100,0,3
721,100,100,0,2
722,100,100,0,3
723,200,,0,3
724,200,,0,2
725,200,,0,3
726,190,,0,2
727,190,,0,2
728,185,,0,3
