move_id,version_group,power,accuracy,priority
18,15,,100,
20,11,,75,
22,15,35,,
26,11,85,,
33,11,35,95,
33,17,50,,
35,11,,85,
37,11,90,,
42,15,14,85,
46,15,,100,
50,11,,80,
53,15,95,,
56,15,120,,
57,15,95,,
58,15,95,,
59,15,120,,
71,19,20,,
71,20,40,,
72,19,40,,
72,20,75,,
76,19,120,,
76,20,200,,
80,11,90,,
83,11,15,70,
85,15,95,,
86,17,,100,
87,15,120,,
92,11,,85,
95,9,,70,
100,19,,,0
122,15,20,,
123,15,20,,
126,15,120,,
128,11,,75,
130,15,100,,
136,11,100,,
137,11,,75,
137,15,,90,
139,11,,55,
139,15,,80,
141,17,20,,
143,19,140,,
143,20,200,,
145,15,20,,
149,15,,80,
152,11,,85,
152,15,90,,
168,15,40,,
173,15,40,,
178,11,,85,
184,11,,90,
198,11,,80,
202,11,60,,
207,17,,90,
210,11,10,,
210,15,20,,
229,20,20,,
237,15,1,,
248,11,80,90,
248,15,100,,
250,11,15,70,
251,11,10,,
253,11,50,,
257,15,100,,
261,15,,75,
265,15,60,,
266,15,,,3
282,15,20,,
296,25,70,,
309,15,100,85,
314,15,55,,
315,15,140,,
317,15,50,80,
328,11,15,70,
330,15,95,,
331,11,10,,
333,11,10,,
343,11,40,,
350,11,,80,
353,11,120,85,
358,15,60,,
364,11,50,,
372,15,50,,
375,15,,90,
382,11,0,,
386,11,60,,
387,11,130,,
389,17,80,,
396,15,90,,
406,15,90,,
408,15,70,,
409,11,60,,
412,15,80,,
434,15,140,,
437,15,140,,
441,15,,70,
448,15,60,,
463,11,,70,
463,15,120,,
464,17,,80,
472,15,,,-7
476,15,,,3
478,15,,,-7
480,15,40,,
485,15,70,,
490,15,60,,
506,15,50,,
510,15,30,,
518,15,50,,
519,15,50,,
520,15,50,,
522,15,30,,
524,15,40,,
542,15,120,,
546,15,85,,
560,17,80,,
565,17,30,,
570,17,50,,
595,17,65,,
718,20,90,,
